{"timestamp":1611014117545,"claimed_addresses":2164,"claimable_addresses":183035,"claimed_amount":26444785856,"claimable_amount":250000000000,"percent_addresses_claimed":0.01182287540634305,"percent_amount_claimed":0.105779143424}