{"timestamp":1612836724716,"claimed_addresses":2204,"claimable_addresses":183035,"claimed_amount":26646530091,"claimable_amount":250000000000,"percent_addresses_claimed":0.01204141284453793,"percent_amount_claimed":0.106586120364}