{"timestamp":1610825491041,"claimed_addresses":2162,"claimable_addresses":183035,"claimed_amount":26444090146,"claimable_amount":250000000000,"percent_addresses_claimed":0.011811948534433306,"percent_amount_claimed":0.105776360584}